invoice_month,account_id,subscription,service,resource_group,resource_id,region,usage_qty,unit_cost,cost
2025-04,acct-2,basic,Compute,rg-a,res-1,us-east-1,66.26476349913641,0.0725,4.8042
2025-05,acct-2,basic,Compute,rg-a,res-1,us-east-1,152.89035314863597,1.7829,272.5882
2025-06,acct-2,basic,Compute,rg-a,res-1,us-east-1,93.11770415629645,1.0559,98.323
2025-07,acct-2,basic,Compute,rg-a,res-1,us-east-1,53.78000613746406,1.0638,57.2112
2025-08,acct-2,basic,Compute,rg-a,res-1,us-east-1,92.60490921991747,0.0481,4.4543
2025-09,acct-2,basic,Compute,rg-a,res-1,us-east-1,105.85309042386032,0.5513,58.3568
2025-04,acct-1,basic,Database,rg-c,res-2,eu-west-1,97.46277497850551,0.3544,34.5408
2025-05,acct-1,basic,Database,rg-c,res-2,eu-west-1,116.38034564816333,0.9534,110.957
2025-06,acct-1,basic,Database,rg-c,res-2,eu-west-1,105.39808860536724,1.3838,145.8499
2025-07,acct-1,basic,Database,rg-c,res-2,eu-west-1,101.75715502614366,0.0815,8.2932
2025-08,acct-1,basic,Database,rg-c,res-2,eu-west-1,72.86797578772837,1.1146,81.2186
2025-09,acct-1,basic,Database,rg-c,res-2,eu-west-1,76.88001234831329,0.0595,4.5744
2025-04,acct-2,basic,Storage,rg-b,res-3,eu-west-1,116.71425000138396,0.318,37.1151
2025-05,acct-2,basic,Storage,rg-b,res-3,eu-west-1,80.8719579059926,0.9753,78.8744
2025-06,acct-2,basic,Storage,rg-b,res-3,eu-west-1,81.43437916748867,0.213,17.3455
2025-07,acct-2,basic,Storage,rg-b,res-3,eu-west-1,139.93982690237004,0.2797,39.1412
2025-08,acct-2,basic,Storage,rg-b,res-3,eu-west-1,85.96445257741522,1.1274,96.9163
2025-09,acct-2,basic,Storage,rg-b,res-3,eu-west-1,86.82200076366827,0.975,84.6515
2025-04,acct-1,basic,Networking,rg-a,res-4,us-east-1,87.17113123524051,0.7412,64.6112
2025-05,acct-1,basic,Networking,rg-a,res-4,us-east-1,68.69512121481112,1.127,77.4194
2025-06,acct-1,basic,Networking,rg-a,res-4,us-east-1,123.38663166851411,1.1444,141.2037
2025-07,acct-1,basic,Networking,rg-a,res-4,us-east-1,93.34834059054593,1.5432,144.0552
2025-08,acct-1,basic,Networking,rg-a,res-4,us-east-1,121.33296275951852,0.6941,84.2172
2025-09,acct-1,basic,Networking,rg-a,res-4,us-east-1,152.3915441250217,1.5485,235.9783
2025-04,acct-1,basic,Storage,rg-a,res-5,us-east-1,63.26640619544454,0.2311,14.6209
2025-05,acct-1,basic,Storage,rg-a,res-5,us-east-1,59.37925676234253,0.3892,23.1104
2025-06,acct-1,basic,Storage,rg-a,res-5,us-east-1,129.62520526537173,1.5338,198.8191
2025-07,acct-1,basic,Storage,rg-a,res-5,us-east-1,137.35063554030387,0.7765,106.6528
2025-08,acct-1,basic,Storage,rg-a,res-5,us-east-1,111.13869328504698,0.5309,59.0035
2025-09,acct-1,basic,Storage,rg-a,res-5,us-east-1,109.16878186558813,1.4784,161.3951
2025-04,acct-2,basic,Storage,rg-b,res-6,us-east-1,148.05410051788243,1.9575,289.8159
2025-05,acct-2,basic,Storage,rg-b,res-6,us-east-1,102.58194793322718,0.9667,99.166
2025-06,acct-2,basic,Storage,rg-b,res-6,us-east-1,64.7915435025352,0.935,60.5801
2025-07,acct-2,basic,Storage,rg-b,res-6,us-east-1,113.84578687218584,0.9302,105.8994
2025-08,acct-2,basic,Storage,rg-b,res-6,us-east-1,103.87713325332142,1.2032,124.985
2025-09,acct-2,basic,Storage,rg-b,res-6,us-east-1,85.14109769946339,0.733,62.4084
2025-04,acct-2,basic,Networking,rg-c,res-7,eu-west-1,60.804879681180225,1.7417,105.9039
2025-05,acct-2,basic,Networking,rg-c,res-7,eu-west-1,91.19031116999999,0.1596,14.554
2025-06,acct-2,basic,Networking,rg-c,res-7,eu-west-1,111.41546443517802,0.1365,15.2082
2025-07,acct-2,basic,Networking,rg-c,res-7,eu-west-1,121.95934348023019,1.1847,144.4852
2025-08,acct-2,basic,Networking,rg-c,res-7,eu-west-1,74.56949249990457,0.0222,1.6554
2025-09,acct-2,basic,Networking,rg-c,res-7,eu-west-1,111.65505524270272,1.996,222.8635
2025-04,acct-2,basic,Compute,rg-a,res-8,eu-west-1,90.8637593744798,1.5003,136.3229
2025-05,acct-2,basic,Compute,rg-a,res-8,eu-west-1,107.19524179583794,1.0252,109.8966
2025-06,acct-2,basic,Compute,rg-a,res-8,eu-west-1,129.9866883196664,0.9059,117.7549
2025-07,acct-2,basic,Compute,rg-a,res-8,eu-west-1,104.55646649024814,1.2023,125.7082
2025-08,acct-2,basic,Compute,rg-a,res-8,eu-west-1,150.54587613940726,0.8389,126.2929
2025-09,acct-2,basic,Compute,rg-a,res-8,eu-west-1,57.06183690144224,0.9584,54.6881
2025-04,acct-2,basic,Database,rg-c,res-9,eu-west-1,122.59336364031873,0.7268,89.1009
2025-05,acct-2,basic,Database,rg-c,res-9,eu-west-1,137.32029898736556,1.6651,228.652
2025-06,acct-2,basic,Database,rg-c,res-9,eu-west-1,71.27224481044111,0.9851,70.2103
2025-07,acct-2,basic,Database,rg-c,res-9,eu-west-1,86.44522590410782,1.8755,162.128
2025-08,acct-2,basic,Database,rg-c,res-9,eu-west-1,115.84836672854384,1.6237,188.103
2025-09,acct-2,basic,Database,rg-c,res-9,eu-west-1,70.29764833908948,0.9939,69.8688
2025-04,acct-1,basic,Storage,rg-b,res-10,us-east-1,153.60467072231359,0.4656,71.5183
2025-05,acct-1,basic,Storage,rg-b,res-10,us-east-1,65.43793999856405,1.4446,94.5316
2025-06,acct-1,basic,Storage,rg-b,res-10,us-east-1,158.45380536999372,0.5465,86.595
2025-07,acct-1,basic,Storage,rg-b,res-10,us-east-1,146.70625063727257,0.1936,28.4023
2025-08,acct-1,basic,Storage,rg-b,res-10,us-east-1,57.90140683573482,1.0789,62.4698
2025-09,acct-1,basic,Storage,rg-b,res-10,us-east-1,71.13873499155814,0.6332,45.045
2025-04,acct-2,basic,Networking,rg-b,res-11,eu-west-1,70.59203479840004,0.8736,61.6692
2025-05,acct-2,basic,Networking,rg-b,res-11,eu-west-1,155.1388061010185,1.378,213.7813
2025-06,acct-2,basic,Networking,rg-b,res-11,eu-west-1,106.14795767643797,1.9322,205.0991
2025-07,acct-2,basic,Networking,rg-b,res-11,eu-west-1,129.73579188724932,0.878,113.908
2025-08,acct-2,basic,Networking,rg-b,res-11,eu-west-1,139.26056599653822,0.4352,60.6062
2025-09,acct-2,basic,Networking,rg-b,res-11,eu-west-1,97.30178690716133,1.4367,139.7935
2025-04,acct-2,basic,Compute,rg-b,res-12,eu-west-1,106.73512859294006,1.7594,187.7898
2025-05,acct-2,basic,Compute,rg-b,res-12,eu-west-1,61.59301267231926,1.2058,74.2689
2025-06,acct-2,basic,Compute,rg-b,res-12,eu-west-1,155.53225315762936,0.6964,108.3127
2025-07,acct-2,basic,Compute,rg-b,res-12,eu-west-1,49.613224802421065,1.3109,65.038
2025-08,acct-2,basic,Compute,rg-b,res-12,eu-west-1,50.87138816450004,0.938,47.7174
2025-09,acct-2,basic,Compute,rg-b,res-12,eu-west-1,93.41912785746807,0.9063,84.6658
2025-04,acct-1,basic,Networking,rg-a,res-13,us-east-1,107.80613624204162,1.7802,191.9165
2025-05,acct-1,basic,Networking,rg-a,res-13,us-east-1,67.77412724020995,1.3539,91.7594
2025-06,acct-1,basic,Networking,rg-a,res-13,us-east-1,67.7071714854021,0.5667,38.3697
2025-07,acct-1,basic,Networking,rg-a,res-13,us-east-1,70.50203491883774,0.7202,50.7756
2025-08,acct-1,basic,Networking,rg-a,res-13,us-east-1,130.39354468415303,1.3715,178.8347
2025-09,acct-1,basic,Networking,rg-a,res-13,us-east-1,66.35923809480761,1.139,75.5832
2025-04,acct-2,basic,Networking,rg-b,res-14,eu-west-1,83.17113393435092,1.4217,118.2444
2025-05,acct-2,basic,Networking,rg-b,res-14,eu-west-1,94.86543191703325,0.3492,33.127
2025-06,acct-2,basic,Networking,rg-b,res-14,eu-west-1,151.0655869764897,1.1613,175.4325
2025-07,acct-2,basic,Networking,rg-b,res-14,eu-west-1,71.38724930864655,1.1541,82.388
2025-08,acct-2,basic,Networking,rg-b,res-14,eu-west-1,142.48408623106354,1.7383,247.6801
2025-09,acct-2,basic,Networking,rg-b,res-14,eu-west-1,93.30126209641442,1.0355,96.6135
2025-04,acct-1,basic,Storage,rg-b,res-15,eu-west-1,131.046947796034,0.5082,66.5981
2025-05,acct-1,basic,Storage,rg-b,res-15,eu-west-1,109.27088701996033,0.5126,56.0123
2025-06,acct-1,basic,Storage,rg-b,res-15,eu-west-1,64.43028590787969,0.0657,4.2331
2025-07,acct-1,basic,Storage,rg-b,res-15,eu-west-1,128.1412852740667,1.5894,203.6678
2025-08,acct-1,basic,Storage,rg-b,res-15,eu-west-1,113.41151326869362,1.4786,167.6903
2025-09,acct-1,basic,Storage,rg-b,res-15,eu-west-1,111.05837851749459,0.8977,99.6971
2025-04,acct-2,basic,Storage,rg-a,res-16,us-east-1,38.838040246707344,0.571,22.1765
2025-05,acct-2,basic,Storage,rg-a,res-16,us-east-1,71.25925457661876,0.0246,1.753
2025-06,acct-2,basic,Storage,rg-a,res-16,us-east-1,84.7924949239371,0.1305,11.0654
2025-07,acct-2,basic,Storage,rg-a,res-16,us-east-1,120.92429073178319,0.9641,116.5831
2025-08,acct-2,basic,Storage,rg-a,res-16,us-east-1,67.5493747945962,1.6516,111.5645
2025-09,acct-2,basic,Storage,rg-a,res-16,us-east-1,77.10624212779612,1.1245,86.706
2025-04,acct-2,basic,Networking,rg-b,res-17,us-east-1,106.50047398325518,1.7279,184.0222
2025-05,acct-2,basic,Networking,rg-b,res-17,us-east-1,124.07754575121672,1.9931,247.299
2025-06,acct-2,basic,Networking,rg-b,res-17,us-east-1,138.7789366063155,0.1881,26.1043
2025-07,acct-2,basic,Networking,rg-b,res-17,us-east-1,135.72344487600202,1.6559,224.7445
2025-08,acct-2,basic,Networking,rg-b,res-17,us-east-1,97.18506743978301,0.1351,13.1297
2025-09,acct-2,basic,Networking,rg-b,res-17,us-east-1,75.56630069380209,1.8962,143.2888
2025-04,acct-2,basic,Networking,rg-c,res-18,us-east-1,139.72426486509366,0.984,137.4887
2025-05,acct-2,basic,Networking,rg-c,res-18,us-east-1,82.96253844770219,1.8654,154.7583
2025-06,acct-2,basic,Networking,rg-c,res-18,us-east-1,99.76787535147378,1.4803,147.6864
2025-07,acct-2,basic,Networking,rg-c,res-18,us-east-1,87.24229554397864,1.6456,143.5659
2025-08,acct-2,basic,Networking,rg-c,res-18,us-east-1,82.34504644656354,0.1772,14.5915
2025-09,acct-2,basic,Networking,rg-c,res-18,us-east-1,114.00851141990046,0.0295,3.3633
2025-04,acct-2,basic,Storage,rg-a,res-19,us-east-1,50.751389650431356,1.7533,88.9824
2025-05,acct-2,basic,Storage,rg-a,res-19,us-east-1,97.88842740161049,0.865,84.6735
2025-06,acct-2,basic,Storage,rg-a,res-19,us-east-1,59.268452968171374,1.8451,109.3562
2025-07,acct-2,basic,Storage,rg-a,res-19,us-east-1,56.13578035800393,1.5072,84.6078
2025-08,acct-2,basic,Storage,rg-a,res-19,us-east-1,67.4398029893019,1.44,97.1133
2025-09,acct-2,basic,Storage,rg-a,res-19,us-east-1,52.17296726018037,1.6177,84.4002
2025-04,acct-1,basic,Networking,rg-a,res-20,us-east-1,73.88306266663352,1.7098,126.3253
2025-05,acct-1,basic,Networking,rg-a,res-20,us-east-1,106.76677731059004,1.3572,144.9039
2025-06,acct-1,basic,Networking,rg-a,res-20,us-east-1,135.01663190306277,1.0654,143.8467
2025-07,acct-1,basic,Networking,rg-a,res-20,us-east-1,53.664437157910015,0.6026,32.3382
2025-08,acct-1,basic,Networking,rg-a,res-20,us-east-1,119.26583715921586,1.8067,215.4776
2025-09,acct-1,basic,Networking,rg-a,res-20,us-east-1,77.67856946338355,0.6313,49.0385
2025-04,acct-1,basic,Storage,rg-a,res-21,eu-west-1,56.186375940681074,1.3143,73.8458
2025-05,acct-1,basic,Storage,rg-a,res-21,eu-west-1,87.44069528035635,0.0919,8.0358
2025-06,acct-1,basic,Storage,rg-a,res-21,eu-west-1,111.65359881148133,1.2263,136.9208
2025-07,acct-1,basic,Storage,rg-a,res-21,eu-west-1,59.36579350460065,0.4745,28.1691
2025-08,acct-1,basic,Storage,rg-a,res-21,eu-west-1,68.85099979897026,1.2734,87.6749
2025-09,acct-1,basic,Storage,rg-a,res-21,eu-west-1,88.05520674906865,0.7117,62.6689
2025-04,acct-1,basic,Networking,rg-b,res-22,eu-west-1,64.9268258270574,0.9254,60.0833
2025-05,acct-1,basic,Networking,rg-b,res-22,eu-west-1,82.09857566884592,1.2303,101.0059
2025-06,acct-1,basic,Networking,rg-b,res-22,eu-west-1,106.84454709386006,0.6307,67.3869
2025-07,acct-1,basic,Networking,rg-b,res-22,eu-west-1,132.92911758911282,1.1208,148.987
2025-08,acct-1,basic,Networking,rg-b,res-22,eu-west-1,161.7062679092269,1.4034,226.9386
2025-09,acct-1,basic,Networking,rg-b,res-22,eu-west-1,63.11926802457943,1.4921,94.1803
2025-04,acct-2,basic,Storage,rg-c,res-23,us-east-1,76.18380069400213,1.7983,137.0013
2025-05,acct-2,basic,Storage,rg-c,res-23,us-east-1,114.45460515509905,1.0021,114.695
2025-06,acct-2,basic,Storage,rg-c,res-23,us-east-1,92.61709975829898,0.279,25.8402
2025-07,acct-2,basic,Storage,rg-c,res-23,us-east-1,88.2285712399968,0.4141,36.5355
2025-08,acct-2,basic,Storage,rg-c,res-23,us-east-1,112.80808369750461,1.6868,190.2847
2025-09,acct-2,basic,Storage,rg-c,res-23,us-east-1,80.82284480232555,0.2251,18.1932
2025-04,acct-1,basic,Storage,rg-c,res-24,eu-west-1,122.95330464033151,1.0748,132.1502
2025-05,acct-1,basic,Storage,rg-c,res-24,eu-west-1,111.38212853417144,0.4336,48.2953
2025-06,acct-1,basic,Storage,rg-c,res-24,eu-west-1,129.39812134179886,0.3188,41.2521
2025-07,acct-1,basic,Storage,rg-c,res-24,eu-west-1,57.184807576814855,1.5063,86.1375
2025-08,acct-1,basic,Storage,rg-c,res-24,eu-west-1,111.20234427226335,0.492,54.7116
2025-09,acct-1,basic,Storage,rg-c,res-24,eu-west-1,84.43762029067773,1.1147,94.1226
2025-04,acct-1,basic,Networking,rg-b,res-25,eu-west-1,114.44341526519301,0.04,4.5777
2025-05,acct-1,basic,Networking,rg-b,res-25,eu-west-1,117.29516265991822,1.1185,131.1946
2025-06,acct-1,basic,Networking,rg-b,res-25,eu-west-1,73.77414007287399,0.0216,1.5935
2025-07,acct-1,basic,Networking,rg-b,res-25,eu-west-1,51.28280880750219,1.2379,63.483
2025-08,acct-1,basic,Networking,rg-b,res-25,eu-west-1,163.54450068715124,0.7181,117.4413
2025-09,acct-1,basic,Networking,rg-b,res-25,eu-west-1,66.68801766476149,0.8826,58.8588
2025-04,acct-1,basic,Compute,rg-b,res-26,eu-west-1,54.883791582478125,1.6103,88.3794
2025-05,acct-1,basic,Compute,rg-b,res-26,eu-west-1,121.98562950650464,0.5172,63.091
2025-06,acct-1,basic,Compute,rg-b,res-26,eu-west-1,99.08334963055236,0.0937,9.2841
2025-07,acct-1,basic,Compute,rg-b,res-26,eu-west-1,115.88089133334252,1.6206,187.7966
2025-08,acct-1,basic,Compute,rg-b,res-26,eu-west-1,57.91159364335076,0.4378,25.3537
2025-09,acct-1,basic,Compute,rg-b,res-26,eu-west-1,120.21236780758615,1.0597,127.389
2025-04,acct-2,basic,Compute,rg-c,res-27,eu-west-1,126.46216581703483,0.7985,100.98
2025-05,acct-2,basic,Compute,rg-c,res-27,eu-west-1,127.64698268981311,0.5075,64.7808
2025-06,acct-2,basic,Compute,rg-c,res-27,eu-west-1,57.7745091276707,1.5017,86.76
2025-07,acct-2,basic,Compute,rg-c,res-27,eu-west-1,77.03363397481006,1.9088,147.0418
2025-08,acct-2,basic,Compute,rg-c,res-27,eu-west-1,99.31160238426824,0.5039,50.0431
2025-09,acct-2,basic,Compute,rg-c,res-27,eu-west-1,106.03678988567604,0.3864,40.9726
2025-04,acct-2,basic,Storage,rg-b,res-28,us-east-1,71.4992078993116,0.2009,14.3642
2025-05,acct-2,basic,Storage,rg-b,res-28,us-east-1,92.91345504818811,1.6889,156.9215
2025-06,acct-2,basic,Storage,rg-b,res-28,us-east-1,134.3445595697679,1.8127,243.5264
2025-07,acct-2,basic,Storage,rg-b,res-28,us-east-1,92.46267670530356,1.8583,171.8234
2025-08,acct-2,basic,Storage,rg-b,res-28,us-east-1,116.81320326985607,0.4156,48.5476
2025-09,acct-2,basic,Storage,rg-b,res-28,us-east-1,96.04105720896607,0.6282,60.333
2025-04,acct-2,basic,Database,rg-b,res-29,us-east-1,128.08626154190833,1.359,174.0692
2025-05,acct-2,basic,Database,rg-b,res-29,us-east-1,111.75576433326647,1.1293,126.2058
2025-06,acct-2,basic,Database,rg-b,res-29,us-east-1,93.00543607709687,1.2212,113.5782
2025-07,acct-2,basic,Database,rg-b,res-29,us-east-1,131.93419797227062,0.9342,123.2529
2025-08,acct-2,basic,Database,rg-b,res-29,us-east-1,89.19086777673772,1.6472,146.9152
2025-09,acct-2,basic,Database,rg-b,res-29,us-east-1,118.36109040029339,0.7893,93.4224
2025-04,acct-1,basic,Compute,rg-c,res-30,us-east-1,154.26061066502743,0.5462,84.2571
2025-05,acct-1,basic,Compute,rg-c,res-30,us-east-1,145.1472466115141,0.2707,39.2914
2025-06,acct-1,basic,Compute,rg-c,res-30,us-east-1,79.39587135678399,1.537,122.0315
2025-07,acct-1,basic,Compute,rg-c,res-30,us-east-1,81.80959790588689,1.0075,82.4232
2025-08,acct-1,basic,Compute,rg-c,res-30,us-east-1,139.69145691746576,0.3336,46.6011
2025-09,acct-1,basic,Compute,rg-c,res-30,us-east-1,92.77794451991687,0.5264,48.8383
2025-04,acct-2,basic,Compute,rg-c,res-31,eu-west-1,75.17337338009244,0.1186,8.9156
2025-05,acct-2,basic,Compute,rg-c,res-31,eu-west-1,95.95662676937629,0.4079,39.1407
2025-06,acct-2,basic,Compute,rg-c,res-31,eu-west-1,105.05126929813045,1.0016,105.2194
2025-07,acct-2,basic,Compute,rg-c,res-31,eu-west-1,65.02099762622271,0.4365,28.3817
2025-08,acct-2,basic,Compute,rg-c,res-31,eu-west-1,54.59620075884342,1.7524,95.6744
2025-09,acct-2,basic,Compute,rg-c,res-31,eu-west-1,57.415667949197214,0.4959,28.4724
2025-04,acct-1,basic,Storage,rg-c,res-32,us-east-1,84.09638511335027,0.3037,25.5401
2025-05,acct-1,basic,Storage,rg-c,res-32,us-east-1,124.41573238268693,0.5618,69.8968
2025-06,acct-1,basic,Storage,rg-c,res-32,us-east-1,78.15869763095192,0.8803,68.8031
2025-07,acct-1,basic,Storage,rg-c,res-32,us-east-1,96.1841995716241,1.0304,99.1082
2025-08,acct-1,basic,Storage,rg-c,res-32,us-east-1,102.61098241967146,0.2035,20.8813
2025-09,acct-1,basic,Storage,rg-c,res-32,us-east-1,115.99757419711203,1.4555,168.8345
2025-04,acct-1,basic,Compute,rg-a,res-33,us-east-1,114.9013014973071,1.0727,123.2546
2025-05,acct-1,basic,Compute,rg-a,res-33,us-east-1,60.12668500360282,1.7087,102.7385
2025-06,acct-1,basic,Compute,rg-a,res-33,us-east-1,110.08692569537806,0.677,74.5288
2025-07,acct-1,basic,Compute,rg-a,res-33,us-east-1,112.2014438358475,0.1541,17.2902
2025-08,acct-1,basic,Compute,rg-a,res-33,us-east-1,155.99973117054734,1.1036,172.1613
2025-09,acct-1,basic,Compute,rg-a,res-33,us-east-1,119.28708500822987,1.3009,155.1806
2025-04,acct-1,basic,Storage,rg-b,res-34,eu-west-1,123.70531847592893,1.2519,154.8667
2025-05,acct-1,basic,Storage,rg-b,res-34,eu-west-1,88.27099064582092,1.3903,122.7232
2025-06,acct-1,basic,Storage,rg-b,res-34,eu-west-1,109.32635950355463,0.6533,71.4229
2025-07,acct-1,basic,Storage,rg-b,res-34,eu-west-1,120.72121221786367,1.0882,131.3688
2025-08,acct-1,basic,Storage,rg-b,res-34,eu-west-1,129.52287206470834,0.512,66.3157
2025-09,acct-1,basic,Storage,rg-b,res-34,eu-west-1,86.18646688452368,0.0104,0.8963
2025-04,acct-1,basic,Networking,rg-c,res-35,eu-west-1,71.49904901780941,1.1303,80.8154
2025-05,acct-1,basic,Networking,rg-c,res-35,eu-west-1,151.82206491119916,1.1583,175.8555
2025-06,acct-1,basic,Networking,rg-c,res-35,eu-west-1,87.46110120362901,1.1259,98.4725
2025-07,acct-1,basic,Networking,rg-c,res-35,eu-west-1,72.55787724275594,0.1474,10.695
2025-08,acct-1,basic,Networking,rg-c,res-35,eu-west-1,122.33283594468783,1.9739,241.4728
2025-09,acct-1,basic,Networking,rg-c,res-35,eu-west-1,63.9647260848252,1.9302,123.4647
2025-04,acct-1,basic,Networking,rg-a,res-36,us-east-1,127.60141163621816,1.9357,246.9981
2025-05,acct-1,basic,Networking,rg-a,res-36,us-east-1,68.9267406450208,1.6437,113.2949
2025-06,acct-1,basic,Networking,rg-a,res-36,us-east-1,88.53781207555213,1.9192,169.9218
2025-07,acct-1,basic,Networking,rg-a,res-36,us-east-1,107.830352119685,0.8343,89.9629
2025-08,acct-1,basic,Networking,rg-a,res-36,us-east-1,139.511158093257,1.7678,246.6278
2025-09,acct-1,basic,Networking,rg-a,res-36,us-east-1,70.39602882382466,0.5431,38.2321
2025-04,acct-2,basic,Compute,rg-a,res-37,eu-west-1,104.15318312804392,0.7752,80.7395
2025-05,acct-2,basic,Compute,rg-a,res-37,eu-west-1,130.13131412057996,0.239,31.1014
2025-06,acct-2,basic,Compute,rg-a,res-37,eu-west-1,125.94604549711255,1.5903,200.292
2025-07,acct-2,basic,Compute,rg-a,res-37,eu-west-1,123.74459115519589,0.9927,122.8413
2025-08,acct-2,basic,Compute,rg-a,res-37,eu-west-1,70.24889298018172,0.4507,31.6612
2025-09,acct-2,basic,Compute,rg-a,res-37,eu-west-1,60.884557378549374,0.263,16.0126
2025-04,acct-1,basic,Compute,rg-c,res-38,us-east-1,182.02263455277432,0.5337,97.1455
2025-05,acct-1,basic,Compute,rg-c,res-38,us-east-1,150.62903389678846,0.0783,11.7943
2025-06,acct-1,basic,Compute,rg-c,res-38,us-east-1,99.30119113057954,1.9794,196.5568
2025-07,acct-1,basic,Compute,rg-c,res-38,us-east-1,60.75160571437655,1.2321,74.8521
2025-08,acct-1,basic,Compute,rg-c,res-38,us-east-1,108.77272237941172,0.1321,14.3689
2025-09,acct-1,basic,Compute,rg-c,res-38,us-east-1,156.67736110499564,1.9571,306.6333
2025-04,acct-2,basic,Storage,rg-a,res-39,us-east-1,103.04954034767654,0.4745,48.897
2025-05,acct-2,basic,Storage,rg-a,res-39,us-east-1,76.91471669221077,1.0919,83.9832
2025-06,acct-2,basic,Storage,rg-a,res-39,us-east-1,60.81690920937447,0.7994,48.617
2025-07,acct-2,basic,Storage,rg-a,res-39,us-east-1,99.63629743789394,1.2388,123.4294
2025-08,acct-2,basic,Storage,rg-a,res-39,us-east-1,77.01896593942628,0.1231,9.481
2025-09,acct-2,basic,Storage,rg-a,res-39,us-east-1,79.40315590508855,0.2005,15.9203
2025-04,acct-1,basic,Networking,rg-c,res-40,eu-west-1,83.68821504997443,1.0814,90.5004
2025-05,acct-1,basic,Networking,rg-c,res-40,eu-west-1,89.00516709706312,0.6214,55.3078
2025-06,acct-1,basic,Networking,rg-c,res-40,eu-west-1,97.404718158385,0.1962,19.1108
2025-07,acct-1,basic,Networking,rg-c,res-40,eu-west-1,118.49456598286541,1.3879,164.4586
2025-08,acct-1,basic,Networking,rg-c,res-40,eu-west-1,105.18302655582798,1.5826,166.4627
2025-09,acct-1,basic,Networking,rg-c,res-40,eu-west-1,105.3955773910506,0.851,89.6916
2025-04,acct-2,basic,Storage,rg-c,res-41,eu-west-1,164.75515105971982,0.7723,127.2404
2025-05,acct-2,basic,Storage,rg-c,res-41,eu-west-1,96.58366024554586,1.7186,165.9887
2025-06,acct-2,basic,Storage,rg-c,res-41,eu-west-1,86.57882802228507,1.2208,105.6954
2025-07,acct-2,basic,Storage,rg-c,res-41,eu-west-1,89.1546682605258,1.5811,140.9624
2025-08,acct-2,basic,Storage,rg-c,res-41,eu-west-1,158.00328265780595,0.2961,46.7848
2025-09,acct-2,basic,Storage,rg-c,res-41,eu-west-1,137.69021058408958,1.8564,255.6081
2025-04,acct-1,basic,Storage,rg-b,res-42,us-east-1,125.22673326183981,1.6669,208.7404
2025-05,acct-1,basic,Storage,rg-b,res-42,us-east-1,136.0800190421639,0.3043,41.4091
2025-06,acct-1,basic,Storage,rg-b,res-42,us-east-1,106.43642069206099,0.0569,6.0562
2025-07,acct-1,basic,Storage,rg-b,res-42,us-east-1,97.8760594750139,0.3205,31.3693
2025-08,acct-1,basic,Storage,rg-b,res-42,us-east-1,42.002009502086885,1.7455,73.3145
2025-09,acct-1,basic,Storage,rg-b,res-42,us-east-1,74.99783665330787,1.4079,105.5895
2025-04,acct-2,basic,Storage,rg-c,res-43,eu-west-1,95.99617496064249,1.2166,116.7889
2025-05,acct-2,basic,Storage,rg-c,res-43,eu-west-1,58.73509640224958,0.7201,42.2951
2025-06,acct-2,basic,Storage,rg-c,res-43,eu-west-1,140.71033000567004,0.3683,51.8236
2025-07,acct-2,basic,Storage,rg-c,res-43,eu-west-1,85.78721950614026,1.0311,88.4552
2025-08,acct-2,basic,Storage,rg-c,res-43,eu-west-1,55.34910908115057,0.8881,49.1555
2025-09,acct-2,basic,Storage,rg-c,res-43,eu-west-1,74.26176803215282,0.5274,39.1657
2025-04,acct-2,basic,Storage,rg-a,res-44,us-east-1,118.65986639073103,1.1102,131.7362
2025-05,acct-2,basic,Storage,rg-a,res-44,us-east-1,65.21339072578694,0.7533,49.1252
2025-06,acct-2,basic,Storage,rg-a,res-44,us-east-1,60.59747209117729,1.6872,102.2401
2025-07,acct-2,basic,Storage,rg-a,res-44,us-east-1,130.46611330074066,1.6775,218.8569
2025-08,acct-2,basic,Storage,rg-a,res-44,us-east-1,142.68557936195023,0.4466,63.7234
2025-09,acct-2,basic,Storage,rg-a,res-44,us-east-1,48.112411708638625,1.6051,77.2252
2025-04,acct-1,basic,Compute,rg-c,res-45,eu-west-1,53.0041003442037,0.9177,48.6419
2025-05,acct-1,basic,Compute,rg-c,res-45,eu-west-1,96.5112763493822,0.5164,49.8384
2025-06,acct-1,basic,Compute,rg-c,res-45,eu-west-1,84.18156668436745,0.8119,68.347
2025-07,acct-1,basic,Compute,rg-c,res-45,eu-west-1,54.55293118317605,1.6812,91.7144
2025-08,acct-1,basic,Compute,rg-c,res-45,eu-west-1,60.22951947336004,1.5478,93.2233
2025-09,acct-1,basic,Compute,rg-c,res-45,eu-west-1,87.51253842326177,0.3797,33.2285
2025-04,acct-2,basic,Storage,rg-b,res-46,eu-west-1,97.69265995850637,0.2281,22.2837
2025-05,acct-2,basic,Storage,rg-b,res-46,eu-west-1,108.31211516745653,0.0965,10.4521
2025-06,acct-2,basic,Storage,rg-b,res-46,eu-west-1,160.72327398540997,0.0284,4.5645
2025-07,acct-2,basic,Storage,rg-b,res-46,eu-west-1,70.39869476536688,1.3716,96.5588
2025-08,acct-2,basic,Storage,rg-b,res-46,eu-west-1,98.12918117792715,1.4896,146.1732
2025-09,acct-2,basic,Storage,rg-b,res-46,eu-west-1,137.6680353988619,1.891,260.3303
2025-04,acct-1,basic,Storage,rg-a,res-47,eu-west-1,72.37691099230088,0.2573,18.6226
2025-05,acct-1,basic,Storage,rg-a,res-47,eu-west-1,48.68485244201163,0.7626,37.1271
2025-06,acct-1,basic,Storage,rg-a,res-47,eu-west-1,125.69045779089835,0.7137,89.7053
2025-07,acct-1,basic,Storage,rg-a,res-47,eu-west-1,72.19797912640142,1.7551,126.7147
2025-08,acct-1,basic,Storage,rg-a,res-47,eu-west-1,124.61552725098981,0.5163,64.339
2025-09,acct-1,basic,Storage,rg-a,res-47,eu-west-1,90.3798506432737,0.3777,34.1365
2025-04,acct-1,basic,Storage,rg-a,res-48,us-east-1,135.7805397516512,1.6882,229.2247
2025-05,acct-1,basic,Storage,rg-a,res-48,us-east-1,56.25884826087132,1.4753,82.9987
2025-06,acct-1,basic,Storage,rg-a,res-48,us-east-1,132.68530053313233,1.0085,133.8131
2025-07,acct-1,basic,Storage,rg-a,res-48,us-east-1,114.28105013999644,1.2793,146.1997
2025-08,acct-1,basic,Storage,rg-a,res-48,us-east-1,112.88229400437646,1.7148,193.5706
2025-09,acct-1,basic,Storage,rg-a,res-48,us-east-1,60.30709919869429,1.0846,65.4091
2025-04,acct-2,basic,Database,rg-b,res-49,eu-west-1,65.3373945755088,0.301,19.6666
2025-05,acct-2,basic,Database,rg-b,res-49,eu-west-1,159.60362390061556,0.9881,157.7043
2025-06,acct-2,basic,Database,rg-b,res-49,eu-west-1,95.09704810985723,0.8672,82.4682
2025-07,acct-2,basic,Database,rg-b,res-49,eu-west-1,150.36577288859172,0.7181,107.9777
2025-08,acct-2,basic,Database,rg-b,res-49,eu-west-1,61.18681250035385,0.0728,4.4544
2025-09,acct-2,basic,Database,rg-b,res-49,eu-west-1,71.26578160005538,1.4237,101.4611
2025-04,acct-1,basic,Database,rg-a,res-50,eu-west-1,64.35491111958225,1.3683,88.0568
2025-05,acct-1,basic,Database,rg-a,res-50,eu-west-1,68.68321651634476,0.5439,37.3568
2025-06,acct-1,basic,Database,rg-a,res-50,eu-west-1,110.9736120859903,1.8448,204.7241
2025-07,acct-1,basic,Database,rg-a,res-50,eu-west-1,102.19266423225903,1.4534,148.5268
2025-08,acct-1,basic,Database,rg-a,res-50,eu-west-1,134.39708514486784,0.3974,53.4094
2025-09,acct-1,basic,Database,rg-a,res-50,eu-west-1,126.23365223509427,0.635,80.1584
2025-04,acct-2,basic,Networking,rg-c,res-51,eu-west-1,133.21938572798325,0.1485,19.7831
2025-05,acct-2,basic,Networking,rg-c,res-51,eu-west-1,74.78560382105015,1.8476,138.1739
2025-06,acct-2,basic,Networking,rg-c,res-51,eu-west-1,49.241818387583486,0.0351,1.7284
2025-07,acct-2,basic,Networking,rg-c,res-51,eu-west-1,55.065876752936134,0.5874,32.3457
2025-08,acct-2,basic,Networking,rg-c,res-51,eu-west-1,152.27055615802408,1.8688,284.5632
2025-09,acct-2,basic,Networking,rg-c,res-51,eu-west-1,158.70678970624894,1.4792,234.7591
2025-04,acct-1,basic,Networking,rg-b,res-52,eu-west-1,69.96102486247605,0.2212,15.4754
2025-05,acct-1,basic,Networking,rg-b,res-52,eu-west-1,100.81604251792548,0.5321,53.6442
2025-06,acct-1,basic,Networking,rg-b,res-52,eu-west-1,138.78373371570387,0.8905,123.5869
2025-07,acct-1,basic,Networking,rg-b,res-52,eu-west-1,76.60814804726812,0.9573,73.337
2025-08,acct-1,basic,Networking,rg-b,res-52,eu-west-1,68.35305545095522,1.2644,86.4256
2025-09,acct-1,basic,Networking,rg-b,res-52,eu-west-1,119.43728016755813,1.0475,125.1106
2025-04,acct-2,basic,Storage,rg-c,res-53,eu-west-1,121.10985094510211,0.5019,60.785
2025-05,acct-2,basic,Storage,rg-c,res-53,eu-west-1,60.318287659103646,1.4002,84.4577
2025-06,acct-2,basic,Storage,rg-c,res-53,eu-west-1,69.68098657700074,1.7262,120.2833
2025-07,acct-2,basic,Storage,rg-c,res-53,eu-west-1,148.42628233764907,0.8236,122.2439
2025-08,acct-2,basic,Storage,rg-c,res-53,eu-west-1,62.31309747333684,0.3675,22.9001
2025-09,acct-2,basic,Storage,rg-c,res-53,eu-west-1,138.04935289469955,1.8337,253.1411
2025-04,acct-2,basic,Database,rg-b,res-54,eu-west-1,63.12388959351714,0.5045,31.846
2025-05,acct-2,basic,Database,rg-b,res-54,eu-west-1,88.67609960035475,0.0544,4.824
2025-06,acct-2,basic,Database,rg-b,res-54,eu-west-1,122.85877715777062,1.0235,125.746
2025-07,acct-2,basic,Database,rg-b,res-54,eu-west-1,148.71845045908833,1.653,245.8316
2025-08,acct-2,basic,Database,rg-b,res-54,eu-west-1,141.3857593011427,0.9919,140.2405
2025-09,acct-2,basic,Database,rg-b,res-54,eu-west-1,94.32869004301043,1.2734,120.1182
2025-04,acct-2,basic,Database,rg-a,res-55,eu-west-1,140.89602979592485,1.6289,229.5055
2025-05,acct-2,basic,Database,rg-a,res-55,eu-west-1,112.25045226372302,0.3503,39.3213
2025-06,acct-2,basic,Database,rg-a,res-55,eu-west-1,78.81910070939034,1.9331,152.3652
2025-07,acct-2,basic,Database,rg-a,res-55,eu-west-1,49.34738645113641,1.7258,85.1637
2025-08,acct-2,basic,Database,rg-a,res-55,eu-west-1,69.54724911627689,0.9761,67.8851
2025-09,acct-2,basic,Database,rg-a,res-55,eu-west-1,57.45292279825576,0.4659,26.7673
2025-04,acct-2,basic,Database,rg-c,res-56,eu-west-1,101.21231316981418,1.8826,190.5423
2025-05,acct-2,basic,Database,rg-c,res-56,eu-west-1,49.33358893712284,1.8309,90.3249
2025-06,acct-2,basic,Database,rg-c,res-56,eu-west-1,144.40108783803962,0.224,32.3458
2025-07,acct-2,basic,Database,rg-c,res-56,eu-west-1,147.65228251436062,0.7141,105.4385
2025-08,acct-2,basic,Database,rg-c,res-56,eu-west-1,65.46913861305683,0.1002,6.56
2025-09,acct-2,basic,Database,rg-c,res-56,eu-west-1,87.49781943344293,0.7007,61.3097
2025-04,acct-1,basic,Compute,rg-c,res-57,eu-west-1,123.11749483980634,1.2939,159.3017
2025-05,acct-1,basic,Compute,rg-c,res-57,eu-west-1,97.5068856483744,1.1097,108.2034
2025-06,acct-1,basic,Compute,rg-c,res-57,eu-west-1,152.6359282207267,0.4145,63.2676
2025-07,acct-1,basic,Compute,rg-c,res-57,eu-west-1,77.35725607375313,0.3542,27.3999
2025-08,acct-1,basic,Compute,rg-c,res-57,eu-west-1,58.846990880953456,0.944,55.5516
2025-09,acct-1,basic,Compute,rg-c,res-57,eu-west-1,115.1027769272141,1.4885,171.3305
2025-04,acct-1,basic,Compute,rg-b,res-58,us-east-1,105.75609911851342,0.6362,67.282
2025-05,acct-1,basic,Compute,rg-b,res-58,us-east-1,73.01229392638642,1.6964,123.8581
2025-06,acct-1,basic,Compute,rg-b,res-58,us-east-1,161.15431612890657,1.7918,288.7563
2025-07,acct-1,basic,Compute,rg-b,res-58,us-east-1,52.5585310653571,0.5702,29.9689
2025-08,acct-1,basic,Compute,rg-b,res-58,us-east-1,117.8090126590226,0.0172,2.0263
2025-09,acct-1,basic,Compute,rg-b,res-58,us-east-1,74.28621615012976,1.7254,128.1734
2025-04,acct-2,basic,Networking,rg-c,res-59,us-east-1,73.58063157579213,1.6855,124.0202
2025-05,acct-2,basic,Networking,rg-c,res-59,us-east-1,80.63953274607805,0.7639,61.6005
2025-06,acct-2,basic,Networking,rg-c,res-59,us-east-1,98.75204326332444,1.5639,154.4383
2025-07,acct-2,basic,Networking,rg-c,res-59,us-east-1,63.71717926976936,0.5455,34.7577
2025-08,acct-2,basic,Networking,rg-c,res-59,us-east-1,74.4661930987617,1.6707,124.4107
2025-09,acct-2,basic,Networking,rg-c,res-59,us-east-1,53.87673794200657,1.6018,86.2998
2025-04,acct-1,basic,Database,rg-b,res-60,us-east-1,126.7283710147336,1.7693,224.2205
2025-05,acct-1,basic,Database,rg-b,res-60,us-east-1,129.7310622008376,1.8208,236.2143
2025-06,acct-1,basic,Database,rg-b,res-60,us-east-1,86.39201134220019,1.4642,126.4952
2025-07,acct-1,basic,Database,rg-b,res-60,us-east-1,161.45054898848898,0.2009,32.4354
2025-08,acct-1,basic,Database,rg-b,res-60,us-east-1,85.18014293947147,1.6961,144.474
2025-09,acct-1,basic,Database,rg-b,res-60,us-east-1,65.82119798731009,0.41,26.9867
2025-04,acct-2,basic,Compute,rg-c,res-61,us-east-1,149.53383103864653,0.8595,128.5243
2025-05,acct-2,basic,Compute,rg-c,res-61,us-east-1,119.93999394253579,1.0018,120.1559
2025-06,acct-2,basic,Compute,rg-c,res-61,us-east-1,68.22276865409417,0.1361,9.2851
2025-07,acct-2,basic,Compute,rg-c,res-61,us-east-1,67.37971560656268,0.9388,63.2561
2025-08,acct-2,basic,Compute,rg-c,res-61,us-east-1,92.65975412818261,0.0558,5.1704
2025-09,acct-2,basic,Compute,rg-c,res-61,us-east-1,105.65990656096022,0.7335,77.5015
2025-04,acct-1,basic,Networking,rg-a,res-62,eu-west-1,145.2704047278663,1.9282,280.1104
2025-05,acct-1,basic,Networking,rg-a,res-62,eu-west-1,135.18104893898104,1.802,243.5963
2025-06,acct-1,basic,Networking,rg-a,res-62,eu-west-1,137.85698629701704,0.6033,83.1691
2025-07,acct-1,basic,Networking,rg-a,res-62,eu-west-1,114.10514678502182,1.7124,195.3937
2025-08,acct-1,basic,Networking,rg-a,res-62,eu-west-1,49.66789785905937,1.5941,79.1756
2025-09,acct-1,basic,Networking,rg-a,res-62,eu-west-1,72.1721520218288,1.6867,121.7328
2025-04,acct-2,basic,Networking,rg-b,res-63,eu-west-1,119.78459889150325,1.222,146.3768
2025-05,acct-2,basic,Networking,rg-b,res-63,eu-west-1,124.65867267772875,0.7445,92.8084
2025-06,acct-2,basic,Networking,rg-b,res-63,eu-west-1,124.17275331916842,1.1875,147.4551
2025-07,acct-2,basic,Networking,rg-b,res-63,eu-west-1,130.11279245647947,0.7196,93.6292
2025-08,acct-2,basic,Networking,rg-b,res-63,eu-west-1,129.4332278650143,0.0293,3.7924
2025-09,acct-2,basic,Networking,rg-b,res-63,eu-west-1,97.60544243090038,0.1447,14.1235
2025-04,acct-1,basic,Networking,rg-a,res-64,us-east-1,140.07847591415714,0.3573,50.05
2025-05,acct-1,basic,Networking,rg-a,res-64,us-east-1,57.20503591858959,1.5189,86.8887
2025-06,acct-1,basic,Networking,rg-a,res-64,us-east-1,94.98030961291339,0.0842,7.9973
2025-07,acct-1,basic,Networking,rg-a,res-64,us-east-1,132.72706705243377,1.5996,212.3102
2025-08,acct-1,basic,Networking,rg-a,res-64,us-east-1,64.38298623902448,0.6852,44.1152
2025-09,acct-1,basic,Networking,rg-a,res-64,us-east-1,73.16245082973445,0.3049,22.3072
2025-04,acct-1,basic,Networking,rg-b,res-65,eu-west-1,56.895074274387255,0.7709,43.8604
2025-05,acct-1,basic,Networking,rg-b,res-65,eu-west-1,59.48697966292293,0.7148,42.5213
2025-06,acct-1,basic,Networking,rg-b,res-65,eu-west-1,62.32263482095782,0.985,61.3878
2025-07,acct-1,basic,Networking,rg-b,res-65,eu-west-1,78.13546808956335,1.114,87.0429
2025-08,acct-1,basic,Networking,rg-b,res-65,eu-west-1,111.55059476143096,1.5851,176.8188
2025-09,acct-1,basic,Networking,rg-b,res-65,eu-west-1,94.4595512027319,1.7103,161.5542
2025-04,acct-2,basic,Database,rg-a,res-66,eu-west-1,55.730790007593626,1.4701,81.9298
2025-05,acct-2,basic,Database,rg-a,res-66,eu-west-1,73.09584990738418,1.2962,94.7468
2025-06,acct-2,basic,Database,rg-a,res-66,eu-west-1,170.10881313050666,0.0404,6.8724
2025-07,acct-2,basic,Database,rg-a,res-66,eu-west-1,91.46480604395997,1.0938,100.0442
2025-08,acct-2,basic,Database,rg-a,res-66,eu-west-1,60.88921048092338,1.2065,73.4628
2025-09,acct-2,basic,Database,rg-a,res-66,eu-west-1,108.44418380549885,1.169,126.7713
2025-04,acct-1,basic,Database,rg-c,res-67,us-east-1,133.54539175946937,1.3642,182.1826
2025-05,acct-1,basic,Database,rg-c,res-67,us-east-1,48.61795159138723,0.141,6.8551
2025-06,acct-1,basic,Database,rg-c,res-67,us-east-1,99.2320419593793,1.9385,192.3613
2025-07,acct-1,basic,Database,rg-c,res-67,us-east-1,105.53319355210573,0.1262,13.3183
2025-08,acct-1,basic,Database,rg-c,res-67,us-east-1,138.00005078376662,0.2653,36.6114
2025-09,acct-1,basic,Database,rg-c,res-67,us-east-1,76.74226558510489,1.3677,104.9604
2025-04,acct-2,basic,Database,rg-c,res-68,eu-west-1,141.1012629165811,1.4209,200.4908
2025-05,acct-2,basic,Database,rg-c,res-68,eu-west-1,75.11985766978096,1.3615,102.2757
2025-06,acct-2,basic,Database,rg-c,res-68,eu-west-1,132.5277306371014,1.4325,189.846
2025-07,acct-2,basic,Database,rg-c,res-68,eu-west-1,148.0070991903301,0.9482,140.3403
2025-08,acct-2,basic,Database,rg-c,res-68,eu-west-1,148.27437943145966,0.2467,36.5793
2025-09,acct-2,basic,Database,rg-c,res-68,eu-west-1,72.74679184537709,1.3065,95.0437
2025-04,acct-2,basic,Database,rg-b,res-69,eu-west-1,154.28910968598723,0.9259,142.8563
2025-05,acct-2,basic,Database,rg-b,res-69,eu-west-1,116.06335871228816,0.5553,64.45
2025-06,acct-2,basic,Database,rg-b,res-69,eu-west-1,96.90243134505778,1.7316,167.7963
2025-07,acct-2,basic,Database,rg-b,res-69,eu-west-1,116.08512244218636,1.7428,202.3132
2025-08,acct-2,basic,Database,rg-b,res-69,eu-west-1,75.22462782215962,1.7477,131.4701
2025-09,acct-2,basic,Database,rg-b,res-69,eu-west-1,142.32268755238613,1.5818,225.126
2025-04,acct-1,basic,Compute,rg-b,res-70,us-east-1,103.06827805237558,0.2538,26.1587
2025-05,acct-1,basic,Compute,rg-b,res-70,us-east-1,78.52124184613729,1.3136,103.1455
2025-06,acct-1,basic,Compute,rg-b,res-70,us-east-1,130.58373882018338,1.7648,230.4542
2025-07,acct-1,basic,Compute,rg-b,res-70,us-east-1,119.2495422560045,1.6969,202.3545
2025-08,acct-1,basic,Compute,rg-b,res-70,us-east-1,159.44161023902325,1.4014,223.4415
2025-09,acct-1,basic,Compute,rg-b,res-70,us-east-1,113.17196350586369,1.8714,211.79
2025-04,acct-1,basic,Compute,rg-b,res-71,us-east-1,100.22245551341095,0.3063,30.6981
2025-05,acct-1,basic,Compute,rg-b,res-71,us-east-1,117.90242524543497,0.4327,51.0164
2025-06,acct-1,basic,Compute,rg-b,res-71,us-east-1,108.50690169361562,0.441,47.8515
2025-07,acct-1,basic,Compute,rg-b,res-71,us-east-1,143.99503867488463,0.2505,36.0708
2025-08,acct-1,basic,Compute,rg-b,res-71,us-east-1,80.66143042550972,1.3949,112.5146
2025-09,acct-1,basic,Compute,rg-b,res-71,us-east-1,120.40597696271276,0.3114,37.4944
2025-04,acct-1,basic,Storage,rg-b,res-72,us-east-1,142.5177038775594,1.1774,167.8003
2025-05,acct-1,basic,Storage,rg-b,res-72,us-east-1,78.54216856858733,0.9474,74.4109
2025-06,acct-1,basic,Storage,rg-b,res-72,us-east-1,92.90018675167939,1.7521,162.7704
2025-07,acct-1,basic,Storage,rg-b,res-72,us-east-1,104.32122606164916,0.7516,78.4078
2025-08,acct-1,basic,Storage,rg-b,res-72,us-east-1,67.58646254016585,0.6372,43.0661
2025-09,acct-1,basic,Storage,rg-b,res-72,us-east-1,100.83821411883424,1.7507,176.5375
2025-04,acct-1,basic,Compute,rg-c,res-73,eu-west-1,115.57006560626441,0.6507,75.2014
2025-05,acct-1,basic,Compute,rg-c,res-73,eu-west-1,85.13449475832132,0.554,47.1645
2025-06,acct-1,basic,Compute,rg-c,res-73,eu-west-1,141.59543477616873,1.1744,166.2897
2025-07,acct-1,basic,Compute,rg-c,res-73,eu-west-1,81.316586555516,1.2368,100.5724
2025-08,acct-1,basic,Compute,rg-c,res-73,eu-west-1,54.475214278838614,1.0459,56.9756
2025-09,acct-1,basic,Compute,rg-c,res-73,eu-west-1,112.78914753818934,1.0237,115.4623
2025-04,acct-1,basic,Networking,rg-b,res-74,us-east-1,115.13755285665947,0.3198,36.821
2025-05,acct-1,basic,Networking,rg-b,res-74,us-east-1,54.79350883313955,1.4302,78.3657
2025-06,acct-1,basic,Networking,rg-b,res-74,us-east-1,49.96053290819624,1.5237,76.1249
2025-07,acct-1,basic,Networking,rg-b,res-74,us-east-1,60.06282917491694,1.1939,71.709
2025-08,acct-1,basic,Networking,rg-b,res-74,us-east-1,144.28355250726173,1.6363,236.0912
2025-09,acct-1,basic,Networking,rg-b,res-74,us-east-1,62.998795846576506,1.8546,116.8376
2025-04,acct-1,basic,Compute,rg-a,res-75,eu-west-1,79.70877351493611,0.9089,72.4473
2025-05,acct-1,basic,Compute,rg-a,res-75,eu-west-1,152.4973722816718,0.1476,22.5086
2025-06,acct-1,basic,Compute,rg-a,res-75,eu-west-1,118.62956740607501,1.6343,193.8763
2025-07,acct-1,basic,Compute,rg-a,res-75,eu-west-1,85.21659811786427,1.4846,126.5126
2025-08,acct-1,basic,Compute,rg-a,res-75,eu-west-1,68.72456002974867,1.7353,119.2577
2025-09,acct-1,basic,Compute,rg-a,res-75,eu-west-1,132.85695490211486,0.4012,53.3022
2025-04,acct-1,basic,Networking,rg-a,res-76,eu-west-1,98.89163624061314,0.9865,97.5566
2025-05,acct-1,basic,Networking,rg-a,res-76,eu-west-1,101.48145532641459,1.4186,143.9616
2025-06,acct-1,basic,Networking,rg-a,res-76,eu-west-1,52.26167260549042,1.754,91.667
2025-07,acct-1,basic,Networking,rg-a,res-76,eu-west-1,101.7480061811078,1.7547,178.5372
2025-08,acct-1,basic,Networking,rg-a,res-76,eu-west-1,107.25197948246654,1.852,198.6307
2025-09,acct-1,basic,Networking,rg-a,res-76,eu-west-1,89.62875015529029,1.6027,143.648
2025-04,acct-2,basic,Compute,rg-a,res-77,eu-west-1,105.8796285629505,0.6666,70.5794
2025-05,acct-2,basic,Compute,rg-a,res-77,eu-west-1,117.79004272802491,1.5924,187.5689
2025-06,acct-2,basic,Compute,rg-a,res-77,eu-west-1,116.11861511689837,1.9765,229.5084
2025-07,acct-2,basic,Compute,rg-a,res-77,eu-west-1,133.99382244567101,0.601,80.5303
2025-08,acct-2,basic,Compute,rg-a,res-77,eu-west-1,66.76426368353009,1.6184,108.0513
2025-09,acct-2,basic,Compute,rg-a,res-77,eu-west-1,74.44709316158952,0.4455,33.1662
2025-04,acct-1,basic,Networking,rg-b,res-78,us-east-1,111.6125097884745,1.7752,198.1345
2025-05,acct-1,basic,Networking,rg-b,res-78,us-east-1,108.06586993331217,0.8137,87.9332
2025-06,acct-1,basic,Networking,rg-b,res-78,us-east-1,83.43613555478893,0.5423,45.2474
2025-07,acct-1,basic,Networking,rg-b,res-78,us-east-1,127.67003137715301,1.1784,150.4464
2025-08,acct-1,basic,Networking,rg-b,res-78,us-east-1,134.50363234098825,0.4136,55.6307
2025-09,acct-1,basic,Networking,rg-b,res-78,us-east-1,64.91300510226516,0.5563,36.1111
2025-04,acct-1,basic,Storage,rg-b,res-79,eu-west-1,101.64758708332039,1.0309,104.7885
2025-05,acct-1,basic,Storage,rg-b,res-79,eu-west-1,84.97853353093768,0.7919,67.2945
2025-06,acct-1,basic,Storage,rg-b,res-79,eu-west-1,85.15743836799683,0.9003,76.6672
2025-07,acct-1,basic,Storage,rg-b,res-79,eu-west-1,62.10832289873623,1.5024,93.3115
2025-08,acct-1,basic,Storage,rg-b,res-79,eu-west-1,150.26362507772933,0.8104,121.7736
2025-09,acct-1,basic,Storage,rg-b,res-79,eu-west-1,49.597787137098216,1.8181,90.1737
2025-04,acct-2,basic,Database,rg-c,res-80,us-east-1,69.46727696902539,0.5772,40.0965
2025-05,acct-2,basic,Database,rg-c,res-80,us-east-1,58.99979359879818,1.3248,78.1629
2025-06,acct-2,basic,Database,rg-c,res-80,us-east-1,73.96544107901818,0.0931,6.8862
2025-07,acct-2,basic,Database,rg-c,res-80,us-east-1,60.620155455920184,0.1457,8.8324
2025-08,acct-2,basic,Database,rg-c,res-80,us-east-1,92.29767226874336,0.2667,24.6158
2025-09,acct-2,basic,Database,rg-c,res-80,us-east-1,131.5248917327072,0.7049,92.7119
2025-04,acct-1,basic,Storage,rg-a,res-81,eu-west-1,85.71185546942607,0.8371,71.7494
2025-05,acct-1,basic,Storage,rg-a,res-81,eu-west-1,124.59237202992914,1.5214,189.5548
2025-06,acct-1,basic,Storage,rg-a,res-81,eu-west-1,78.82724233602849,1.6521,130.2305
2025-07,acct-1,basic,Storage,rg-a,res-81,eu-west-1,147.22144258775242,0.3569,52.5433
2025-08,acct-1,basic,Storage,rg-a,res-81,eu-west-1,110.64659586673848,1.9522,216.0043
2025-09,acct-1,basic,Storage,rg-a,res-81,eu-west-1,140.22511863510573,1.8746,262.866
2025-04,acct-2,basic,Networking,rg-a,res-82,eu-west-1,129.49906410481492,1.539,199.2991
2025-05,acct-2,basic,Networking,rg-a,res-82,eu-west-1,82.9407791250213,1.6565,137.3914
2025-06,acct-2,basic,Networking,rg-a,res-82,eu-west-1,61.85316643034597,1.6587,102.5958
2025-07,acct-2,basic,Networking,rg-a,res-82,eu-west-1,109.51628087826361,1.0634,116.4596
2025-08,acct-2,basic,Networking,rg-a,res-82,eu-west-1,148.53308503016095,1.9676,292.2537
2025-09,acct-2,basic,Networking,rg-a,res-82,eu-west-1,113.23611292199111,1.8373,208.0487
2025-04,acct-1,basic,Networking,rg-b,res-83,eu-west-1,79.8092440489075,0.1675,13.368
2025-05,acct-1,basic,Networking,rg-b,res-83,eu-west-1,43.75961119879642,1.7924,78.4347
2025-06,acct-1,basic,Networking,rg-b,res-83,eu-west-1,150.4662016652891,1.0887,163.8126
2025-07,acct-1,basic,Networking,rg-b,res-83,eu-west-1,72.71435428150178,1.6086,116.9683
2025-08,acct-1,basic,Networking,rg-b,res-83,eu-west-1,178.31951804223732,1.8939,337.7193
2025-09,acct-1,basic,Networking,rg-b,res-83,eu-west-1,154.07690388126858,1.7243,265.6748
2025-04,acct-2,basic,Database,rg-c,res-84,eu-west-1,62.427839856787145,0.3311,20.6699
2025-05,acct-2,basic,Database,rg-c,res-84,eu-west-1,164.28303692709744,0.3682,60.489
2025-06,acct-2,basic,Database,rg-c,res-84,eu-west-1,77.63473856839599,1.2431,96.5077
2025-07,acct-2,basic,Database,rg-c,res-84,eu-west-1,68.46594673153898,0.5349,36.6224
2025-08,acct-2,basic,Database,rg-c,res-84,eu-west-1,141.38823073316732,0.9244,130.6993
2025-09,acct-2,basic,Database,rg-c,res-84,eu-west-1,87.61538410811148,0.2279,19.9675
2025-04,acct-2,basic,Database,rg-a,res-85,eu-west-1,100.48133457689143,0.8542,85.8312
2025-05,acct-2,basic,Database,rg-a,res-85,eu-west-1,150.28593126828895,0.5283,79.3961
2025-06,acct-2,basic,Database,rg-a,res-85,eu-west-1,92.4011477021531,0.2361,21.8159
2025-07,acct-2,basic,Database,rg-a,res-85,eu-west-1,104.27249539452887,0.4825,50.3115
2025-08,acct-2,basic,Database,rg-a,res-85,eu-west-1,74.29971938843848,0.4505,33.472
2025-09,acct-2,basic,Database,rg-a,res-85,eu-west-1,91.86918290013173,0.9033,82.9854
2025-04,acct-1,basic,Networking,rg-a,res-86,eu-west-1,87.14162374263098,0.1238,10.7881
2025-05,acct-1,basic,Networking,rg-a,res-86,eu-west-1,78.61779681667481,0.557,43.7901
2025-06,acct-1,basic,Networking,rg-a,res-86,eu-west-1,108.76641114227765,0.5099,55.46
2025-07,acct-1,basic,Networking,rg-a,res-86,eu-west-1,47.62853607994232,0.9477,45.1376
2025-08,acct-1,basic,Networking,rg-a,res-86,eu-west-1,115.5129389026637,0.0249,2.8763
2025-09,acct-1,basic,Networking,rg-a,res-86,eu-west-1,74.53845854234592,0.6901,51.439
2025-04,acct-2,basic,Storage,rg-a,res-87,us-east-1,138.45136924210144,0.3787,52.4315
2025-05,acct-2,basic,Storage,rg-a,res-87,us-east-1,141.054582552123,1.1611,163.7785
2025-06,acct-2,basic,Storage,rg-a,res-87,us-east-1,101.36649577604823,0.6152,62.3607
2025-07,acct-2,basic,Storage,rg-a,res-87,us-east-1,123.5076099751032,0.3811,47.0688
2025-08,acct-2,basic,Storage,rg-a,res-87,us-east-1,118.03671374324598,0.8076,95.3265
2025-09,acct-2,basic,Storage,rg-a,res-87,us-east-1,139.17071153694224,0.1768,24.6054
2025-04,acct-1,basic,Storage,rg-a,res-88,us-east-1,130.06290479248793,0.6574,85.5034
2025-05,acct-1,basic,Storage,rg-a,res-88,us-east-1,86.53613697158593,0.5588,48.3564
2025-06,acct-1,basic,Storage,rg-a,res-88,us-east-1,114.0314667198724,1.4474,165.0491
2025-07,acct-1,basic,Storage,rg-a,res-88,us-east-1,115.22820183110926,0.7884,90.8459
2025-08,acct-1,basic,Storage,rg-a,res-88,us-east-1,98.36139041234792,0.2343,23.0461
2025-09,acct-1,basic,Storage,rg-a,res-88,us-east-1,112.59260038167035,1.3896,156.4587
2025-04,acct-2,basic,Compute,rg-c,res-89,us-east-1,98.73700976339293,1.7328,171.0915
2025-05,acct-2,basic,Compute,rg-c,res-89,us-east-1,105.20616290429037,0.2852,30.0048
2025-06,acct-2,basic,Compute,rg-c,res-89,us-east-1,111.30246798164224,0.9368,104.2682
2025-07,acct-2,basic,Compute,rg-c,res-89,us-east-1,63.31651276120753,1.2858,81.4124
2025-08,acct-2,basic,Compute,rg-c,res-89,us-east-1,57.657728734904566,1.1076,63.8617
2025-09,acct-2,basic,Compute,rg-c,res-89,us-east-1,84.2040535999096,1.0979,92.4476
2025-04,acct-1,basic,Storage,rg-c,res-90,eu-west-1,91.0182550815,0.8997,81.8891
2025-05,acct-1,basic,Storage,rg-c,res-90,eu-west-1,94.60645773372235,1.0425,98.6272
2025-06,acct-1,basic,Storage,rg-c,res-90,eu-west-1,113.99771255068163,1.1064,126.1271
2025-07,acct-1,basic,Storage,rg-c,res-90,eu-west-1,147.20484779679813,0.2725,40.1133
2025-08,acct-1,basic,Storage,rg-c,res-90,eu-west-1,102.55795029611545,0.5019,51.4738
2025-09,acct-1,basic,Storage,rg-c,res-90,eu-west-1,135.45521396418349,1.6017,216.9586
2025-04,acct-1,basic,Compute,rg-b,res-91,us-east-1,125.98560822710085,1.3986,176.2035
2025-05,acct-1,basic,Compute,rg-b,res-91,us-east-1,64.32894644064824,0.2865,18.4302
2025-06,acct-1,basic,Compute,rg-b,res-91,us-east-1,118.34226564104836,1.0787,127.6558
2025-07,acct-1,basic,Compute,rg-b,res-91,us-east-1,77.28794947306805,0.258,19.9403
2025-08,acct-1,basic,Compute,rg-b,res-91,us-east-1,94.01985238585625,0.6862,64.5164
2025-09,acct-1,basic,Compute,rg-b,res-91,us-east-1,73.31832693092271,0.94,68.9192
2025-04,acct-1,basic,Compute,rg-c,res-92,us-east-1,104.41169643944568,0.9835,102.6889
2025-05,acct-1,basic,Compute,rg-c,res-92,us-east-1,94.14607954767543,0.6385,60.1123
2025-06,acct-1,basic,Compute,rg-c,res-92,us-east-1,117.74625444633531,0.5643,66.4442
2025-07,acct-1,basic,Compute,rg-c,res-92,us-east-1,121.06533130505191,0.6422,77.7482
2025-08,acct-1,basic,Compute,rg-c,res-92,us-east-1,69.10929287338244,1.8121,125.2329
2025-09,acct-1,basic,Compute,rg-c,res-92,us-east-1,110.1200376379196,1.0452,115.0975
2025-04,acct-2,basic,Database,rg-b,res-93,us-east-1,94.04878329301182,0.596,56.0531
2025-05,acct-2,basic,Database,rg-b,res-93,us-east-1,141.40152250205992,1.0287,145.4597
2025-06,acct-2,basic,Database,rg-b,res-93,us-east-1,114.61373579467485,0.9021,103.3931
2025-07,acct-2,basic,Database,rg-b,res-93,us-east-1,155.0044402615556,0.0172,2.6661
2025-08,acct-2,basic,Database,rg-b,res-93,us-east-1,134.00439570097882,1.9355,259.3655
2025-09,acct-2,basic,Database,rg-b,res-93,us-east-1,50.099213607276155,0.103,5.1602
2025-04,acct-2,basic,Storage,rg-b,res-94,eu-west-1,50.41464046051058,1.3275,66.9254
2025-05,acct-2,basic,Storage,rg-b,res-94,eu-west-1,64.87092350944988,1.5785,102.3988
2025-06,acct-2,basic,Storage,rg-b,res-94,eu-west-1,51.20569756305615,0.4025,20.6103
2025-07,acct-2,basic,Storage,rg-b,res-94,eu-west-1,120.17027710564768,1.9228,231.0634
2025-08,acct-2,basic,Storage,rg-b,res-94,eu-west-1,132.1648990071249,1.7741,234.4737
2025-09,acct-2,basic,Storage,rg-b,res-94,eu-west-1,90.50891265259024,0.7641,69.1579
2025-04,acct-2,basic,Storage,rg-c,res-95,eu-west-1,145.00124706202587,0.1344,19.4882
2025-05,acct-2,basic,Storage,rg-c,res-95,eu-west-1,64.20526385735842,0.9971,64.0191
2025-06,acct-2,basic,Storage,rg-c,res-95,eu-west-1,127.62744271482795,1.0034,128.0614
2025-07,acct-2,basic,Storage,rg-c,res-95,eu-west-1,80.684934370962,1.5502,125.0778
2025-08,acct-2,basic,Storage,rg-c,res-95,eu-west-1,92.95285199850429,0.8606,79.9952
2025-09,acct-2,basic,Storage,rg-c,res-95,eu-west-1,135.86959486582793,1.166,158.4239
2025-04,acct-2,basic,Storage,rg-c,res-96,eu-west-1,47.54674291781416,0.2756,13.1039
2025-05,acct-2,basic,Storage,rg-c,res-96,eu-west-1,63.139239718963445,0.2942,18.5756
2025-06,acct-2,basic,Storage,rg-c,res-96,eu-west-1,52.73697440416327,1.5455,81.505
2025-07,acct-2,basic,Storage,rg-c,res-96,eu-west-1,96.2875159246247,1.9846,191.0922
2025-08,acct-2,basic,Storage,rg-c,res-96,eu-west-1,137.38868762824643,1.662,228.34
2025-09,acct-2,basic,Storage,rg-c,res-96,eu-west-1,59.7752970835958,1.7967,107.3983
2025-04,acct-1,basic,Storage,rg-c,res-97,us-east-1,91.42093043797702,0.2978,27.2252
2025-05,acct-1,basic,Storage,rg-c,res-97,us-east-1,72.68628956699357,1.9402,141.0259
2025-06,acct-1,basic,Storage,rg-c,res-97,us-east-1,114.76038231989486,1.9082,218.9858
2025-07,acct-1,basic,Storage,rg-c,res-97,us-east-1,55.148510564388886,1.2401,68.3897
2025-08,acct-1,basic,Storage,rg-c,res-97,us-east-1,115.92149657052157,0.5331,61.7977
2025-09,acct-1,basic,Storage,rg-c,res-97,us-east-1,56.597380382628245,1.1176,63.2532
2025-04,acct-1,basic,Storage,rg-b,res-98,eu-west-1,97.97232797047941,0.1404,13.7553
2025-05,acct-1,basic,Storage,rg-b,res-98,eu-west-1,73.7853297996719,1.3677,100.9162
2025-06,acct-1,basic,Storage,rg-b,res-98,eu-west-1,95.91433976329279,1.5483,148.5042
2025-07,acct-1,basic,Storage,rg-b,res-98,eu-west-1,48.52696464255785,1.7484,84.8445
2025-08,acct-1,basic,Storage,rg-b,res-98,eu-west-1,130.52702729781694,0.2338,30.5172
2025-09,acct-1,basic,Storage,rg-b,res-98,eu-west-1,118.94100869470054,1.6104,191.5426
2025-04,acct-2,basic,Networking,rg-c,res-99,eu-west-1,118.82872887079398,0.6555,77.8922
2025-05,acct-2,basic,Networking,rg-c,res-99,eu-west-1,100.10288440979345,1.7162,171.7966
2025-06,acct-2,basic,Networking,rg-c,res-99,eu-west-1,120.16216296634994,1.6817,202.0767
2025-07,acct-2,basic,Networking,rg-c,res-99,eu-west-1,72.26535817806945,1.1405,82.4186
2025-08,acct-2,basic,Networking,rg-c,res-99,eu-west-1,54.914082352016486,1.9721,108.2961
2025-09,acct-2,basic,Networking,rg-c,res-99,eu-west-1,74.91054042970951,1.1073,82.9484
2025-04,acct-2,basic,Database,rg-b,res-100,eu-west-1,108.68027228908244,0.9259,100.6271
2025-05,acct-2,basic,Database,rg-b,res-100,eu-west-1,55.6413238450562,1.2459,69.3235
2025-06,acct-2,basic,Database,rg-b,res-100,eu-west-1,145.36614625156895,1.7998,261.63
2025-07,acct-2,basic,Database,rg-b,res-100,eu-west-1,125.02675884795251,1.2964,162.0847
2025-08,acct-2,basic,Database,rg-b,res-100,eu-west-1,92.26156150041645,0.9157,84.4839
2025-09,acct-2,basic,Database,rg-b,res-100,eu-west-1,117.46965915693424,0.9656,113.4287
